timestamp,temp_internal_c,temp_external_c,structural_integrity,energy_level_pct,tank_pressure_bar,avionics_status,propulsion_status,navigation_status,comms_status
2026-03-14 10:00:00,33.97,19.09,1,100.0,250.52,1,1,1,1
2026-03-14 10:00:01,34.01,16.95,1,99.65,250.31,1,1,1,1
2026-03-14 10:00:02,33.79,18.2,1,99.8,251.71,1,1,0,1
2026-03-14 10:00:03,34.13,17.78,1,100.0,249.8,1,1,1,1
2026-03-14 10:00:04,34.01,17.57,1,99.15,249.24,1,1,1,1
2026-03-14 10:00:05,34.15,16.34,1,100.0,248.75,1,1,1,1
2026-03-14 10:00:06,34.09,18.58,1,100.0,250.51,1,1,1,1
2026-03-14 10:00:07,34.04,16.88,1,99.86,250.57,1,1,1,1
2026-03-14 10:00:08,34.06,20.09,1,99.81,250.14,1,1,1,1
2026-03-14 10:00:09,34.37,16.51,1,100.0,250.36,1,1,1,1
2026-03-14 10:00:10,34.41,19.59,1,99.55,249.36,1,1,1,1
2026-03-14 10:00:11,34.41,18.97,1,98.3,249.83,1,1,1,1
2026-03-14 10:00:12,34.66,16.76,1,100.0,249.47,1,1,1,1
2026-03-14 10:00:13,34.75,19.07,1,98.68,249.92,1,1,1,1
2026-03-14 10:00:14,34.46,21.27,1,99.4,249.63,1,1,1,1
2026-03-14 10:00:15,34.4,18.07,1,98.28,248.92,1,1,1,1
2026-03-14 10:00:16,34.57,15.06,1,99.91,250.09,1,1,1,1
2026-03-14 10:00:17,34.66,19.2,1,100.0,249.83,1,1,1,1
2026-03-14 10:00:18,34.56,17.72,1,100.0,249.21,1,1,1,1
2026-03-14 10:00:19,34.58,19.57,1,99.33,248.06,1,1,1,1
2026-03-14 10:00:20,34.43,17.79,1,98.31,249.3,1,1,0,1
2026-03-14 10:00:21,34.51,15.75,1,98.92,249.07,1,1,1,1
2026-03-14 10:00:22,34.55,18.21,1,98.55,249.95,1,1,1,1
2026-03-14 10:00:23,34.39,17.51,1,97.9,248.71,1,1,1,1
2026-03-14 10:00:24,34.64,18.4,1,99.1,248.86,1,1,1,1
2026-03-14 10:00:25,34.76,18.31,1,99.47,248.49,1,1,1,1
2026-03-14 10:00:26,34.44,19.45,1,99.1,250.25,1,1,1,1
2026-03-14 10:00:27,34.8,15.92,1,98.43,248.19,1,1,1,1
2026-03-14 10:00:28,34.8,15.61,1,98.53,249.29,1,1,1,1
2026-03-14 10:00:29,34.64,17.4,1,98.06,248.96,1,1,1,1
2026-03-14 10:00:30,34.86,15.41,1,99.02,248.46,1,1,1,1
2026-03-14 10:00:31,35.04,20.31,1,98.57,247.55,1,1,1,1
2026-03-14 10:00:32,35.19,18.04,1,98.57,248.82,1,1,1,1
2026-03-14 10:00:33,35.47,16.54,1,98.54,250.05,1,1,1,1
2026-03-14 10:00:34,35.61,18.41,1,97.47,249.32,1,1,1,1
2026-03-14 10:00:35,35.56,18.36,1,98.59,248.43,1,1,1,1
2026-03-14 10:00:36,35.8,17.32,1,98.65,248.4,1,1,1,1
2026-03-14 10:00:37,35.87,17.11,1,97.95,248.26,1,1,1,1
2026-03-14 10:00:38,35.95,19.29,1,98.41,249.47,1,1,1,1
2026-03-14 10:00:39,35.97,16.96,1,98.85,249.15,1,1,1,1
2026-03-14 10:00:40,36.09,19.42,1,99.13,247.6,1,1,1,1
2026-03-14 10:00:41,36.68,17.54,1,98.1,247.26,1,1,1,1
2026-03-14 10:00:42,36.88,17.08,1,97.61,249.0,1,1,1,1
2026-03-14 10:00:43,36.86,18.14,1,98.24,248.23,1,1,1,1
2026-03-14 10:00:44,37.18,18.88,1,98.41,250.21,1,1,1,1
2026-03-14 10:00:45,37.18,17.63,1,98.58,247.82,1,1,1,1
2026-03-14 10:00:46,37.58,17.86,1,98.06,248.75,1,1,1,1
2026-03-14 10:00:47,37.69,17.03,1,97.88,248.95,1,1,1,1
2026-03-14 10:00:48,37.48,17.14,1,98.17,249.14,1,1,1,1
2026-03-14 10:00:49,37.28,18.2,1,98.69,247.02,1,1,1,1
2026-03-14 10:00:50,37.28,19.14,1,97.83,248.6,1,1,1,1
2026-03-14 10:00:51,37.42,16.49,1,97.33,247.01,1,1,1,1
2026-03-14 10:00:52,37.46,17.78,1,98.45,248.31,1,1,1,1
2026-03-14 10:00:53,37.31,17.48,1,98.33,248.1,1,1,1,1
2026-03-14 10:00:54,37.26,18.53,1,98.26,247.97,1,1,1,1
2026-03-14 10:00:55,37.35,16.39,1,98.39,248.87,1,1,1,1
2026-03-14 10:00:56,37.16,19.22,1,96.68,247.39,1,1,1,1
2026-03-14 10:00:57,36.95,18.05,1,97.24,248.06,1,1,1,1
2026-03-14 10:00:58,36.91,18.47,1,97.22,246.01,1,1,1,1
2026-03-14 10:00:59,37.13,16.76,1,98.23,246.83,1,1,1,1
2026-03-14 10:01:00,37.41,16.57,1,97.68,247.19,1,1,1,0
2026-03-14 10:01:01,37.64,19.15,0,97.73,247.83,1,1,1,1
2026-03-14 10:01:02,37.62,19.84,1,97.52,247.21,1,1,1,1
2026-03-14 10:01:03,37.84,15.88,1,97.71,248.08,1,1,1,1
2026-03-14 10:01:04,37.67,17.7,1,97.99,246.96,1,1,1,1
2026-03-14 10:01:05,37.35,17.68,1,96.78,247.67,1,1,1,1
2026-03-14 10:01:06,37.44,14.88,1,97.76,246.81,1,1,1,1
2026-03-14 10:01:07,37.22,19.49,1,97.21,248.05,1,1,1,1
2026-03-14 10:01:08,37.23,19.79,1,96.47,247.3,1,1,1,1
2026-03-14 10:01:09,37.36,17.94,1,97.63,247.96,1,1,1,1
2026-03-14 10:01:10,37.39,16.92,1,97.65,247.25,1,1,1,1
2026-03-14 10:01:11,37.17,17.79,1,96.69,246.48,1,1,1,1
2026-03-14 10:01:12,37.35,18.26,1,96.69,246.61,1,1,1,1
2026-03-14 10:01:13,37.59,17.88,1,97.2,246.94,1,1,1,1
2026-03-14 10:01:14,37.82,16.04,1,96.48,246.82,1,1,1,1
2026-03-14 10:01:15,37.93,17.38,1,98.02,246.23,1,1,1,1
2026-03-14 10:01:16,37.79,16.83,1,97.64,247.09,1,1,1,1
2026-03-14 10:01:17,37.96,18.31,1,97.59,246.56,1,1,1,1
2026-03-14 10:01:18,37.98,18.86,1,96.82,246.06,1,1,1,1
2026-03-14 10:01:19,38.13,17.8,1,96.14,247.18,1,1,1,1
2026-03-14 10:01:20,38.5,19.4,1,96.44,247.25,1,1,1,1
2026-03-14 10:01:21,38.17,17.07,1,97.28,246.99,1,1,1,1
2026-03-14 10:01:22,38.26,19.28,1,97.11,247.06,1,1,1,1
2026-03-14 10:01:23,38.4,17.89,1,96.21,245.35,1,1,1,1
2026-03-14 10:01:24,38.71,16.67,1,95.71,246.6,1,1,1,1
2026-03-14 10:01:25,38.84,18.14,1,96.9,245.79,1,1,1,1
2026-03-14 10:01:26,38.99,19.9,1,96.62,248.09,1,1,1,1
2026-03-14 10:01:27,38.89,17.58,1,96.91,246.21,1,1,1,1
2026-03-14 10:01:28,38.9,18.88,1,96.02,246.0,1,1,1,1
2026-03-14 10:01:29,39.05,17.43,1,97.0,246.76,1,1,1,1
2026-03-14 10:01:30,38.9,19.38,1,96.25,246.52,1,1,1,1
2026-03-14 10:01:31,39.09,17.85,1,96.07,245.99,1,1,1,1
2026-03-14 10:01:32,39.13,19.44,1,95.82,246.09,1,1,1,1
2026-03-14 10:01:33,39.09,18.19,1,95.67,246.63,1,1,1,1
2026-03-14 10:01:34,39.07,20.01,1,95.95,247.51,1,1,1,1
2026-03-14 10:01:35,39.27,16.83,1,95.77,247.03,1,1,1,1
2026-03-14 10:01:36,39.44,18.81,1,96.72,245.33,1,1,1,1
2026-03-14 10:01:37,39.4,18.38,1,96.18,246.71,1,1,1,1
2026-03-14 10:01:38,39.71,16.75,1,96.16,246.08,1,1,1,1
2026-03-14 10:01:39,39.7,17.1,1,95.86,244.73,1,1,1,1
2026-03-14 10:01:40,40.1,19.39,1,96.32,246.71,1,1,1,1
2026-03-14 10:01:41,40.2,16.24,1,95.9,245.55,1,1,1,1
2026-03-14 10:01:42,40.54,17.29,1,95.67,245.53,1,1,1,1
2026-03-14 10:01:43,40.42,18.38,1,96.57,246.13,1,1,1,1
2026-03-14 10:01:44,40.57,18.55,1,97.06,245.34,1,1,1,1
2026-03-14 10:01:45,40.85,17.97,1,95.44,245.97,1,1,1,1
2026-03-14 10:01:46,41.18,17.85,1,95.38,245.06,1,1,1,1
2026-03-14 10:01:47,41.05,17.19,1,95.7,244.33,1,1,1,1
2026-03-14 10:01:48,41.11,17.32,1,96.13,244.7,1,1,1,1
2026-03-14 10:01:49,41.22,17.33,1,96.34,245.27,1,1,1,1
2026-03-14 10:01:50,41.3,16.67,1,94.99,245.51,1,1,1,1
2026-03-14 10:01:51,41.2,17.04,1,95.62,245.83,1,1,1,1
2026-03-14 10:01:52,41.47,16.46,1,95.47,244.67,1,1,1,1
2026-03-14 10:01:53,41.76,17.96,1,95.67,246.75,1,1,1,1
2026-03-14 10:01:54,41.77,18.88,1,95.17,246.44,1,1,1,1
2026-03-14 10:01:55,41.72,18.12,1,96.46,245.85,1,1,1,1
2026-03-14 10:01:56,41.99,17.07,1,94.89,244.52,1,1,1,1
2026-03-14 10:01:57,42.21,18.03,1,95.36,243.42,1,1,1,1
2026-03-14 10:01:58,42.57,17.16,1,95.93,245.26,1,1,1,1
2026-03-14 10:01:59,42.32,17.02,1,95.75,245.67,1,1,1,1
2026-03-14 10:02:00,42.25,18.93,1,95.1,244.31,1,1,1,1
2026-03-14 10:02:01,42.3,17.42,1,94.31,243.25,1,1,1,1
2026-03-14 10:02:02,41.95,17.99,1,94.92,246.72,1,1,1,1
2026-03-14 10:02:03,42.21,17.71,1,95.29,244.23,1,1,1,1
2026-03-14 10:02:04,42.05,20.07,1,94.33,244.74,1,1,1,1
2026-03-14 10:02:05,42.07,19.7,1,94.94,246.3,1,1,1,1
2026-03-14 10:02:06,41.92,18.36,1,95.01,244.03,1,1,1,1
2026-03-14 10:02:07,41.87,19.19,1,94.41,244.77,1,1,1,1
2026-03-14 10:02:08,42.19,18.72,1,95.08,244.8,1,1,1,1
2026-03-14 10:02:09,42.29,18.05,1,93.98,245.03,1,1,1,1
2026-03-14 10:02:10,42.05,17.98,1,95.1,244.41,1,1,1,1
2026-03-14 10:02:11,42.06,17.77,1,95.51,244.23,1,1,1,1
2026-03-14 10:02:12,41.89,17.91,1,94.57,243.97,1,1,1,1
2026-03-14 10:02:13,42.07,19.32,1,95.46,245.3,1,1,1,1
2026-03-14 10:02:14,41.94,16.84,1,95.11,245.64,1,1,1,1
2026-03-14 10:02:15,41.92,19.68,1,93.54,246.36,1,1,1,1
2026-03-14 10:02:16,42.33,16.42,1,94.5,244.44,1,1,1,1
2026-03-14 10:02:17,42.05,15.79,1,94.69,244.18,1,1,1,1
2026-03-14 10:02:18,42.01,18.38,1,94.84,245.07,1,1,1,1
2026-03-14 10:02:19,41.8,17.48,1,94.88,245.57,1,1,1,1
2026-03-14 10:02:20,42.3,18.61,1,93.76,244.75,1,1,1,1
2026-03-14 10:02:21,42.46,15.07,1,94.62,245.0,1,1,1,1
2026-03-14 10:02:22,42.56,19.26,1,94.78,245.21,1,1,1,1
2026-03-14 10:02:23,42.64,17.05,1,94.41,243.82,1,1,1,1
2026-03-14 10:02:24,42.81,18.21,1,93.81,245.55,1,1,1,1
2026-03-14 10:02:25,43.14,18.41,1,93.74,243.92,1,1,1,1
2026-03-14 10:02:26,43.48,19.42,1,93.57,245.97,1,1,1,1
2026-03-14 10:02:27,43.38,19.17,1,93.86,243.89,1,1,1,1
2026-03-14 10:02:28,43.73,15.42,1,93.88,244.19,1,1,1,1
2026-03-14 10:02:29,43.73,17.02,1,93.7,244.17,1,1,1,1
2026-03-14 10:02:30,44.01,20.09,1,93.58,244.43,1,1,1,1
2026-03-14 10:02:31,43.96,17.02,1,94.86,244.8,1,1,1,1
2026-03-14 10:02:32,43.88,18.15,1,93.38,242.9,1,1,1,1
2026-03-14 10:02:33,44.02,18.37,1,93.81,242.99,1,1,1,1
2026-03-14 10:02:34,43.8,16.01,1,94.04,243.44,1,1,1,1
2026-03-14 10:02:35,43.36,18.56,1,93.54,242.66,1,1,1,1
2026-03-14 10:02:36,43.59,18.09,1,93.29,243.49,1,1,1,1
2026-03-14 10:02:37,43.48,16.17,1,93.69,244.69,1,1,1,1
2026-03-14 10:02:38,43.7,16.97,1,93.37,243.5,1,1,1,1
2026-03-14 10:02:39,43.68,18.46,1,92.82,244.07,1,1,1,1
2026-03-14 10:02:40,43.38,17.45,1,93.74,243.38,1,1,1,1
2026-03-14 10:02:41,43.5,17.45,1,94.24,242.63,1,1,1,1
2026-03-14 10:02:42,43.61,17.55,1,93.53,243.56,1,1,1,1
2026-03-14 10:02:43,43.6,18.38,1,93.53,243.6,1,1,1,1
2026-03-14 10:02:44,43.48,16.99,1,93.09,243.56,1,1,1,1
2026-03-14 10:02:45,43.81,17.26,1,92.94,242.86,1,1,1,1
2026-03-14 10:02:46,43.76,19.2,1,92.77,244.83,1,1,1,1
2026-03-14 10:02:47,43.84,17.4,1,94.16,243.24,1,1,1,1
2026-03-14 10:02:48,44.2,16.91,1,93.78,243.59,1,1,1,1
2026-03-14 10:02:49,44.2,19.33,1,93.27,243.07,1,1,1,1
2026-03-14 10:02:50,44.37,16.82,1,92.23,243.1,1,1,1,1
2026-03-14 10:02:51,44.26,15.79,1,93.34,243.37,1,1,1,1
2026-03-14 10:02:52,44.23,18.62,1,93.12,243.47,1,1,1,1
2026-03-14 10:02:53,44.37,17.81,1,93.41,243.3,1,1,1,1
2026-03-14 10:02:54,44.63,16.53,1,94.08,242.91,1,1,1,1
2026-03-14 10:02:55,44.89,18.34,1,92.36,242.84,1,1,1,1
2026-03-14 10:02:56,44.76,19.89,1,93.44,244.02,1,1,1,1
2026-03-14 10:02:57,44.71,18.51,1,93.49,243.08,1,1,1,1
2026-03-14 10:02:58,44.55,17.74,1,93.31,243.7,1,1,1,1
2026-03-14 10:02:59,44.58,21.12,1,92.82,242.4,1,1,1,1
2026-03-14 10:03:00,44.71,17.13,1,92.65,243.16,1,1,1,1
2026-03-14 10:03:01,44.69,20.51,1,93.21,241.93,1,1,1,1
2026-03-14 10:03:02,44.75,18.78,1,93.36,242.93,1,1,1,1
2026-03-14 10:03:03,44.47,20.3,1,91.95,243.05,1,1,1,1
2026-03-14 10:03:04,44.56,18.35,1,92.08,242.34,1,1,1,1
2026-03-14 10:03:05,44.76,17.84,1,92.4,242.82,1,1,1,1
2026-03-14 10:03:06,44.91,18.11,1,93.18,242.87,1,1,1,1
2026-03-14 10:03:07,45.04,17.55,1,93.25,243.71,1,1,1,1
2026-03-14 10:03:08,44.92,18.44,1,91.95,241.49,1,1,1,1
2026-03-14 10:03:09,44.7,17.65,1,93.21,241.63,1,1,1,1
2026-03-14 10:03:10,44.62,18.81,1,93.5,240.99,1,1,1,1
2026-03-14 10:03:11,44.46,18.58,1,92.78,242.28,1,1,1,1
2026-03-14 10:03:12,44.46,16.97,1,92.88,242.13,1,1,1,1
2026-03-14 10:03:13,44.49,18.86,1,92.03,241.51,1,1,1,1
2026-03-14 10:03:14,44.44,18.48,1,92.02,242.66,1,1,1,1
2026-03-14 10:03:15,44.69,18.16,1,92.62,242.79,1,1,1,1
2026-03-14 10:03:16,44.97,15.27,1,91.5,242.53,1,1,1,1
2026-03-14 10:03:17,45.01,17.71,1,91.92,242.13,1,1,1,1
2026-03-14 10:03:18,45.14,16.89,1,91.8,241.77,1,1,1,1
2026-03-14 10:03:19,45.47,17.7,1,92.53,241.14,1,1,1,1
2026-03-14 10:03:20,45.27,18.73,1,92.15,241.22,1,1,1,1
2026-03-14 10:03:21,45.11,18.45,1,91.65,242.25,1,1,1,1
2026-03-14 10:03:22,45.3,17.41,1,92.79,241.05,1,1,1,1
2026-03-14 10:03:23,45.45,17.89,1,91.06,242.0,1,1,1,1
2026-03-14 10:03:24,45.63,17.51,1,92.02,242.7,1,1,1,1
2026-03-14 10:03:25,45.83,19.14,1,92.03,243.44,1,1,1,1
2026-03-14 10:03:26,45.82,17.72,1,91.37,241.46,1,1,1,1
2026-03-14 10:03:27,45.59,17.17,1,91.71,241.08,1,1,1,1
2026-03-14 10:03:28,45.56,17.92,1,91.58,239.63,1,1,1,1
2026-03-14 10:03:29,45.62,17.96,1,90.98,241.84,1,1,1,1
2026-03-14 10:03:30,45.58,19.6,1,92.07,240.9,1,1,1,1
2026-03-14 10:03:31,45.48,16.81,1,92.28,241.66,1,1,1,1
2026-03-14 10:03:32,45.27,16.49,1,91.47,241.63,1,1,1,1
2026-03-14 10:03:33,45.25,16.15,1,91.26,242.56,1,1,1,1
2026-03-14 10:03:34,45.22,18.04,1,92.3,241.44,1,1,1,1
2026-03-14 10:03:35,45.33,18.42,1,90.67,241.43,1,1,1,1
2026-03-14 10:03:36,44.97,18.43,1,91.86,241.09,1,1,1,1
2026-03-14 10:03:37,45.23,16.69,1,91.9,242.82,1,1,1,1
2026-03-14 10:03:38,45.18,17.54,1,92.28,241.04,1,1,1,1
2026-03-14 10:03:39,45.0,17.67,1,91.53,239.0,1,1,1,1
2026-03-14 10:03:40,45.13,19.08,1,91.78,243.06,1,1,1,1
2026-03-14 10:03:41,45.37,17.93,1,91.19,241.86,1,1,1,1
2026-03-14 10:03:42,45.46,18.32,1,91.06,241.18,1,1,1,1
2026-03-14 10:03:43,45.14,18.29,1,90.24,241.72,1,1,1,1
2026-03-14 10:03:44,44.79,18.86,1,90.09,240.45,1,1,1,1
2026-03-14 10:03:45,44.69,16.06,1,90.89,243.1,1,1,1,1
2026-03-14 10:03:46,44.49,18.6,1,91.7,241.34,1,1,1,1
2026-03-14 10:03:47,44.71,18.01,1,91.14,242.12,1,1,1,1
2026-03-14 10:03:48,44.74,18.35,1,90.9,241.48,1,1,1,0
2026-03-14 10:03:49,44.73,16.97,1,90.41,242.52,1,1,1,1
2026-03-14 10:03:50,44.37,16.88,1,91.31,242.24,1,1,1,1
2026-03-14 10:03:51,44.49,16.06,1,89.63,240.82,1,1,1,1
2026-03-14 10:03:52,44.47,17.62,1,90.46,241.71,1,1,1,1
2026-03-14 10:03:53,44.2,18.24,1,91.2,239.9,1,1,1,1
2026-03-14 10:03:54,44.24,17.88,1,91.2,240.58,1,1,1,1
2026-03-14 10:03:55,44.46,18.34,1,89.82,240.68,1,1,1,1
2026-03-14 10:03:56,44.62,18.86,1,91.05,239.95,1,1,1,1
2026-03-14 10:03:57,44.14,18.86,1,90.67,240.4,1,1,1,1
2026-03-14 10:03:58,44.38,17.18,1,90.79,241.15,1,1,1,1
2026-03-14 10:03:59,44.28,18.86,1,90.86,240.21,1,1,1,1
2026-03-14 10:04:00,44.26,17.65,1,91.37,241.06,1,1,1,1
2026-03-14 10:04:01,44.5,17.92,1,90.51,240.77,1,1,1,1
2026-03-14 10:04:02,44.52,17.53,1,91.06,239.47,1,1,1,1
2026-03-14 10:04:03,44.47,17.55,1,89.68,240.63,1,1,1,1
2026-03-14 10:04:04,44.72,18.9,1,90.31,239.69,1,1,1,1
2026-03-14 10:04:05,44.97,18.9,1,90.11,239.16,1,1,1,1
2026-03-14 10:04:06,44.88,18.95,1,90.54,240.62,1,1,1,1
2026-03-14 10:04:07,45.04,16.38,1,90.49,240.68,1,1,1,1
2026-03-14 10:04:08,45.17,18.42,1,90.55,240.92,1,1,1,1
2026-03-14 10:04:09,45.04,19.6,1,89.81,239.46,1,1,1,1
2026-03-14 10:04:10,45.06,18.07,1,90.09,238.75,1,1,1,1
2026-03-14 10:04:11,45.06,18.65,1,90.11,239.55,1,1,1,1
2026-03-14 10:04:12,45.18,17.25,1,90.7,238.77,1,1,1,1
2026-03-14 10:04:13,45.02,17.41,1,89.54,239.51,1,1,1,1
2026-03-14 10:04:14,45.03,17.11,1,89.62,240.77,1,1,1,1
2026-03-14 10:04:15,44.99,18.5,1,89.36,239.48,1,1,1,1
2026-03-14 10:04:16,45.1,17.26,1,89.27,240.65,1,1,1,1
2026-03-14 10:04:17,45.23,19.02,1,89.82,240.4,1,1,1,1
2026-03-14 10:04:18,45.33,17.96,1,89.7,237.93,1,1,1,1
2026-03-14 10:04:19,45.37,17.45,1,88.94,239.18,1,1,1,1
2026-03-14 10:04:20,45.41,17.28,1,90.05,238.01,1,1,1,1
2026-03-14 10:04:21,45.32,18.07,1,89.46,239.48,1,1,1,1
2026-03-14 10:04:22,45.61,17.78,1,89.84,239.08,1,1,1,1
2026-03-14 10:04:23,45.75,17.45,1,89.42,240.1,1,0,1,1
2026-03-14 10:04:24,45.66,17.08,1,89.63,240.98,1,1,1,1
2026-03-14 10:04:25,45.79,17.45,1,89.33,238.93,1,1,1,1
2026-03-14 10:04:26,45.75,18.13,1,88.69,239.01,1,1,1,1
2026-03-14 10:04:27,45.8,17.62,1,89.59,238.33,1,1,1,1
2026-03-14 10:04:28,45.8,18.45,1,89.78,240.74,1,1,1,1
2026-03-14 10:04:29,45.67,17.93,1,88.6,240.03,1,1,1,1
2026-03-14 10:04:30,45.65,16.6,1,87.97,237.48,1,1,1,1
2026-03-14 10:04:31,45.51,19.14,1,89.58,239.31,1,1,1,1
2026-03-14 10:04:32,45.59,19.4,1,88.03,237.86,1,1,1,1
2026-03-14 10:04:33,45.81,18.26,1,90.22,238.05,1,1,1,1
2026-03-14 10:04:34,45.77,16.74,1,89.67,239.34,1,1,1,1
2026-03-14 10:04:35,45.69,18.81,1,88.25,238.62,1,1,1,1
2026-03-14 10:04:36,46.1,18.13,1,89.58,239.06,1,1,1,1
2026-03-14 10:04:37,46.01,18.31,1,88.57,239.16,1,1,1,1
2026-03-14 10:04:38,46.29,16.26,1,89.17,239.06,1,1,1,1
2026-03-14 10:04:39,45.89,17.98,1,88.52,238.34,1,1,1,1
2026-03-14 10:04:40,45.87,21.8,1,88.18,239.39,1,1,1,1
2026-03-14 10:04:41,46.29,17.76,1,88.7,238.59,1,1,1,1
2026-03-14 10:04:42,46.52,18.28,1,90.04,238.48,1,1,1,1
2026-03-14 10:04:43,46.25,16.79,1,88.32,238.42,1,1,1,0
2026-03-14 10:04:44,46.02,16.64,1,88.54,238.35,1,1,1,1
2026-03-14 10:04:45,46.16,17.46,1,88.83,238.39,1,1,1,1
2026-03-14 10:04:46,46.43,21.43,1,88.6,237.76,1,1,1,1
2026-03-14 10:04:47,46.9,18.34,1,87.89,239.74,1,1,1,1
2026-03-14 10:04:48,47.38,18.97,1,89.06,238.84,1,1,1,1
2026-03-14 10:04:49,47.48,19.16,1,88.28,238.71,1,1,1,1
2026-03-14 10:04:50,47.76,18.18,1,88.87,238.21,1,1,1,1
2026-03-14 10:04:51,47.43,17.02,1,88.7,237.24,1,1,1,1
2026-03-14 10:04:52,47.87,18.85,1,88.0,237.78,1,1,1,1
2026-03-14 10:04:53,48.14,19.33,1,88.21,239.37,1,1,1,1
2026-03-14 10:04:54,48.25,16.27,1,87.75,237.1,1,1,1,1
2026-03-14 10:04:55,48.67,18.9,1,88.14,238.16,1,1,1,1
2026-03-14 10:04:56,48.67,17.51,1,88.56,237.79,0,1,1,1
2026-03-14 10:04:57,48.42,16.14,1,87.33,238.5,1,1,1,1
2026-03-14 10:04:58,48.31,19.27,1,88.84,237.1,1,1,1,1
2026-03-14 10:04:59,48.06,16.18,1,87.36,238.09,1,1,1,1
2026-03-14 10:05:00,47.94,17.94,1,88.29,238.42,1,1,1,1
2026-03-14 10:05:01,47.76,18.81,1,87.59,238.55,1,1,1,1
2026-03-14 10:05:02,47.68,17.42,1,88.8,237.55,1,1,1,1
2026-03-14 10:05:03,47.73,15.62,1,87.21,239.52,1,1,1,1
2026-03-14 10:05:04,47.54,18.97,1,87.66,236.64,1,1,1,1
2026-03-14 10:05:05,47.63,17.07,1,88.18,237.16,1,1,1,1
2026-03-14 10:05:06,47.62,18.16,1,88.31,237.09,1,1,1,1
2026-03-14 10:05:07,47.53,16.9,1,88.39,238.63,1,1,1,1
2026-03-14 10:05:08,47.45,16.74,1,87.57,237.97,1,1,1,1
2026-03-14 10:05:09,47.52,16.92,1,87.32,237.5,1,1,1,1
2026-03-14 10:05:10,47.21,18.45,1,87.54,238.38,1,1,1,1
2026-03-14 10:05:11,47.18,16.1,1,87.05,237.0,1,1,1,1
2026-03-14 10:05:12,47.32,19.07,1,87.65,238.21,1,1,1,1
2026-03-14 10:05:13,47.19,20.48,1,86.78,239.22,1,1,1,1
2026-03-14 10:05:14,47.47,18.63,1,88.72,236.5,1,1,1,1
2026-03-14 10:05:15,47.8,18.1,1,87.81,236.66,1,1,1,1
2026-03-14 10:05:16,48.03,17.58,1,86.72,235.61,1,1,1,1
2026-03-14 10:05:17,47.71,16.26,1,86.85,237.93,1,1,1,1
2026-03-14 10:05:18,47.55,18.65,1,86.96,237.0,1,1,1,1
2026-03-14 10:05:19,47.4,20.36,1,86.62,238.53,1,1,1,1
2026-03-14 10:05:20,47.55,17.26,1,86.84,236.79,1,1,1,1
2026-03-14 10:05:21,47.31,18.19,1,87.97,236.27,1,1,1,1
2026-03-14 10:05:22,47.25,18.56,1,87.58,235.83,1,1,1,1
2026-03-14 10:05:23,47.36,18.96,1,86.46,236.07,1,1,1,1
2026-03-14 10:05:24,47.5,19.08,1,87.8,236.9,1,1,1,1
2026-03-14 10:05:25,47.42,17.26,1,86.89,236.08,1,1,1,1
2026-03-14 10:05:26,47.56,18.03,1,86.89,235.87,1,1,1,1
2026-03-14 10:05:27,47.74,18.68,1,86.02,237.54,0,1,1,1
2026-03-14 10:05:28,47.8,19.48,1,86.56,235.98,1,1,1,1
2026-03-14 10:05:29,47.87,16.91,1,86.3,236.53,1,1,1,1
2026-03-14 10:05:30,47.81,16.41,1,86.24,236.42,1,1,1,1
2026-03-14 10:05:31,47.9,20.2,1,87.03,233.95,1,1,1,1
2026-03-14 10:05:32,48.17,17.31,1,86.58,236.56,1,1,1,1
2026-03-14 10:05:33,48.16,17.95,1,87.4,236.76,1,1,1,1
2026-03-14 10:05:34,47.96,16.72,1,86.5,235.18,1,1,1,1
2026-03-14 10:05:35,48.14,16.74,1,86.93,237.08,1,1,1,1
2026-03-14 10:05:36,48.25,17.88,1,86.76,236.97,1,1,1,1
2026-03-14 10:05:37,48.47,18.87,1,86.94,236.8,1,1,1,1
2026-03-14 10:05:38,48.76,18.43,1,86.6,237.24,1,1,1,1
2026-03-14 10:05:39,48.65,17.71,1,87.38,236.51,1,1,1,1
2026-03-14 10:05:40,48.51,18.51,1,86.25,237.37,1,1,1,1
2026-03-14 10:05:41,48.51,18.29,1,85.33,236.54,1,0,1,1
2026-03-14 10:05:42,48.67,17.29,1,86.67,235.24,1,1,1,1
2026-03-14 10:05:43,48.56,17.86,1,85.98,236.64,1,1,1,1
2026-03-14 10:05:44,48.47,18.88,1,86.78,236.39,1,1,1,1
2026-03-14 10:05:45,48.32,18.61,1,86.68,235.4,1,1,1,1
2026-03-14 10:05:46,48.3,16.6,1,87.46,236.77,1,1,1,1
2026-03-14 10:05:47,48.21,18.56,1,86.05,235.95,1,1,1,1
2026-03-14 10:05:48,48.17,18.78,1,85.62,236.21,1,1,1,1
2026-03-14 10:05:49,48.43,17.81,1,85.85,235.74,1,1,1,1
2026-03-14 10:05:50,48.28,16.71,1,85.77,235.72,1,1,1,1
2026-03-14 10:05:51,48.17,17.46,1,86.17,237.42,1,1,1,1
2026-03-14 10:05:52,48.5,17.51,1,86.98,234.11,1,1,1,1
2026-03-14 10:05:53,48.12,18.7,1,85.98,235.2,1,1,1,1
2026-03-14 10:05:54,48.37,19.69,1,85.12,235.28,1,1,1,1
2026-03-14 10:05:55,48.24,17.68,1,85.53,235.87,1,1,1,1
2026-03-14 10:05:56,48.09,17.57,1,85.68,237.02,1,1,1,1
2026-03-14 10:05:57,48.28,15.64,1,85.62,236.13,1,1,1,1
2026-03-14 10:05:58,48.71,18.14,1,86.18,236.27,1,1,1,1
2026-03-14 10:05:59,48.58,18.8,1,85.56,234.66,1,1,1,1
2026-03-14 10:06:00,48.51,18.68,1,86.13,236.65,1,1,1,1
2026-03-14 10:06:01,48.2,18.82,1,86.19,236.0,1,1,1,1
2026-03-14 10:06:02,48.46,18.69,1,85.47,234.92,1,1,1,1
2026-03-14 10:06:03,48.57,18.95,1,85.88,235.21,1,1,1,1
2026-03-14 10:06:04,48.5,17.91,1,86.03,235.49,1,1,1,1
2026-03-14 10:06:05,48.16,19.06,1,85.04,234.35,1,1,1,1
2026-03-14 10:06:06,48.07,18.6,1,85.19,235.28,1,1,1,1
2026-03-14 10:06:07,48.14,17.81,1,85.19,234.77,1,1,1,1
2026-03-14 10:06:08,48.65,17.72,1,85.95,235.19,1,1,1,1
2026-03-14 10:06:09,48.92,17.26,1,85.2,233.32,1,1,1,1
2026-03-14 10:06:10,48.69,17.73,1,85.02,234.88,1,1,1,1
2026-03-14 10:06:11,48.7,17.41,1,84.79,234.38,1,1,1,1
2026-03-14 10:06:12,48.53,20.73,1,85.3,235.99,1,1,1,1
2026-03-14 10:06:13,48.63,17.19,1,85.72,234.59,1,1,1,1
2026-03-14 10:06:14,48.64,17.66,1,84.55,234.7,1,1,1,1
2026-03-14 10:06:15,48.35,16.28,1,85.68,234.91,1,1,1,1
2026-03-14 10:06:16,48.18,17.14,1,85.31,236.88,1,1,1,1
2026-03-14 10:06:17,48.12,18.48,1,85.1,235.46,1,1,1,1
2026-03-14 10:06:18,48.17,17.87,1,85.13,234.71,1,1,1,1
2026-03-14 10:06:19,48.26,18.41,1,85.05,234.98,1,1,1,1
2026-03-14 10:06:20,48.21,17.23,1,85.34,234.98,1,1,1,1
2026-03-14 10:06:21,48.09,18.85,1,84.52,234.9,1,1,1,1
2026-03-14 10:06:22,47.91,19.02,1,83.69,233.27,1,1,1,1
2026-03-14 10:06:23,47.78,20.6,1,83.67,233.73,1,1,1,1
2026-03-14 10:06:24,47.75,18.13,1,84.29,234.63,1,1,1,1
2026-03-14 10:06:25,47.76,18.6,1,84.73,235.83,1,1,1,1
2026-03-14 10:06:26,47.61,18.92,1,84.48,234.3,1,1,1,1
2026-03-14 10:06:27,47.66,16.99,1,84.84,233.94,1,1,1,1
2026-03-14 10:06:28,47.6,16.26,1,84.61,234.78,1,1,1,1
2026-03-14 10:06:29,48.09,19.74,1,84.79,234.82,1,1,1,1
2026-03-14 10:06:30,48.18,18.3,1,83.5,235.84,1,1,1,1
2026-03-14 10:06:31,47.74,17.37,1,84.12,234.69,1,1,1,1
2026-03-14 10:06:32,47.89,19.22,1,85.35,234.62,1,1,1,1
2026-03-14 10:06:33,47.8,16.76,1,83.66,233.73,1,1,1,1
2026-03-14 10:06:34,48.03,18.19,1,84.75,234.29,1,1,1,1
2026-03-14 10:06:35,48.03,19.59,1,85.08,234.13,1,1,1,1
2026-03-14 10:06:36,48.19,16.84,1,84.1,233.36,1,1,1,1
2026-03-14 10:06:37,48.23,17.25,1,85.4,233.16,1,1,1,1
2026-03-14 10:06:38,48.37,18.2,1,83.71,233.93,1,1,1,1
2026-03-14 10:06:39,48.32,18.77,1,84.28,234.1,1,1,1,1
2026-03-14 10:06:40,48.32,17.91,1,83.57,233.06,1,1,1,1
2026-03-14 10:06:41,48.36,18.87,1,84.13,234.77,1,1,1,1
2026-03-14 10:06:42,48.18,21.15,1,83.93,234.33,1,1,1,1
2026-03-14 10:06:43,48.4,18.0,1,83.66,233.81,1,1,1,1
2026-03-14 10:06:44,48.91,16.63,1,84.08,233.41,1,1,1,1
2026-03-14 10:06:45,48.73,19.15,1,84.06,232.87,1,1,1,1
2026-03-14 10:06:46,48.7,16.14,1,82.63,233.78,1,1,1,1
2026-03-14 10:06:47,48.75,16.28,1,83.39,233.66,1,1,1,1
2026-03-14 10:06:48,48.67,16.83,0,82.13,233.75,1,1,1,1
2026-03-14 10:06:49,48.94,16.98,1,84.85,233.25,1,1,1,1
2026-03-14 10:06:50,49.16,19.13,1,83.52,234.71,0,1,1,1
2026-03-14 10:06:51,49.08,17.35,1,83.81,233.7,1,1,1,1
2026-03-14 10:06:52,49.05,18.85,1,83.52,233.26,1,1,1,1
2026-03-14 10:06:53,48.76,17.83,1,83.64,233.07,1,1,1,1
2026-03-14 10:06:54,48.96,19.08,1,83.18,232.45,1,1,1,1
2026-03-14 10:06:55,48.75,18.35,1,83.15,233.8,1,1,1,1
2026-03-14 10:06:56,49.2,17.38,1,82.7,233.16,1,1,1,1
2026-03-14 10:06:57,49.21,16.57,1,82.7,233.84,1,1,1,1
2026-03-14 10:06:58,49.22,18.16,1,82.9,233.88,1,1,1,1
2026-03-14 10:06:59,49.24,18.21,1,83.51,233.43,1,1,1,1
2026-03-14 10:07:00,49.28,17.02,1,83.66,232.81,1,1,1,1
2026-03-14 10:07:01,49.21,17.06,1,83.29,233.31,1,1,1,1
2026-03-14 10:07:02,49.25,18.96,1,82.57,233.85,1,1,1,1
2026-03-14 10:07:03,49.38,18.96,1,84.16,232.5,1,1,1,1
2026-03-14 10:07:04,49.36,17.31,1,82.93,233.26,1,1,1,1
2026-03-14 10:07:05,49.47,16.81,1,83.06,233.51,1,1,1,1
2026-03-14 10:07:06,49.68,17.58,1,82.52,233.9,1,1,1,1
2026-03-14 10:07:07,49.28,17.82,1,82.33,234.37,1,1,1,1
2026-03-14 10:07:08,49.24,16.79,1,83.11,232.54,1,1,1,1
2026-03-14 10:07:09,49.14,19.18,1,82.58,234.01,1,1,1,1
2026-03-14 10:07:10,49.34,17.33,1,82.62,233.81,1,1,1,1
2026-03-14 10:07:11,49.32,19.27,1,83.33,234.33,1,1,1,1
2026-03-14 10:07:12,49.26,18.38,1,83.6,231.59,1,1,1,1
2026-03-14 10:07:13,49.06,17.62,1,83.62,231.68,1,1,1,1
2026-03-14 10:07:14,49.37,16.9,1,83.13,231.67,1,1,1,1
2026-03-14 10:07:15,49.4,17.79,1,82.68,233.04,1,1,1,1
2026-03-14 10:07:16,49.72,19.13,1,81.93,233.62,1,1,1,1
2026-03-14 10:07:17,49.9,17.86,1,83.3,232.05,1,1,1,1
2026-03-14 10:07:18,50.04,19.28,1,82.32,232.37,1,1,1,1
2026-03-14 10:07:19,50.25,19.49,1,82.02,231.61,1,1,1,1
2026-03-14 10:07:20,50.44,16.51,1,83.04,232.86,1,1,1,1
2026-03-14 10:07:21,50.57,20.48,1,81.55,233.45,1,1,1,1
2026-03-14 10:07:22,50.24,17.36,1,82.28,232.41,1,1,1,1
2026-03-14 10:07:23,50.06,17.45,1,81.31,233.21,1,1,1,1
2026-03-14 10:07:24,49.93,17.85,1,82.8,230.91,1,1,1,1
2026-03-14 10:07:25,49.81,18.31,1,82.21,232.1,1,1,1,1
2026-03-14 10:07:26,49.8,16.38,1,82.22,232.91,1,1,1,1
2026-03-14 10:07:27,49.68,18.91,1,82.2,231.12,1,1,1,1
2026-03-14 10:07:28,49.47,17.79,1,82.13,231.9,1,1,1,1
2026-03-14 10:07:29,49.43,15.88,1,82.3,232.54,1,1,1,1
2026-03-14 10:07:30,49.36,20.17,1,82.11,232.59,1,1,1,1
2026-03-14 10:07:31,49.5,16.05,1,81.35,232.63,1,1,1,1
2026-03-14 10:07:32,49.43,16.94,1,82.29,233.52,1,1,1,1
2026-03-14 10:07:33,49.63,20.17,1,82.44,230.34,1,1,1,1
2026-03-14 10:07:34,49.74,17.99,1,82.0,231.16,1,1,1,1
2026-03-14 10:07:35,50.17,18.66,1,81.62,231.75,1,1,1,1
2026-03-14 10:07:36,49.87,16.4,1,82.13,231.55,1,1,1,1
2026-03-14 10:07:37,50.07,18.04,1,81.56,231.67,1,1,1,1
2026-03-14 10:07:38,50.34,17.98,1,81.31,232.03,1,1,1,1
2026-03-14 10:07:39,50.58,17.36,1,81.54,232.2,1,1,1,1
2026-03-14 10:07:40,50.71,20.44,1,81.41,232.45,1,1,1,1
2026-03-14 10:07:41,50.98,16.26,1,82.34,232.31,1,1,1,1
2026-03-14 10:07:42,51.16,18.1,1,81.72,233.6,1,1,1,1
2026-03-14 10:07:43,51.04,18.2,1,80.68,232.03,1,1,1,1
2026-03-14 10:07:44,50.78,17.01,1,81.07,232.97,1,1,1,1
2026-03-14 10:07:45,50.57,17.03,1,81.52,232.34,1,1,1,1
2026-03-14 10:07:46,50.38,18.43,1,80.75,231.68,1,1,1,1
2026-03-14 10:07:47,50.24,17.26,1,81.46,231.87,1,1,1,1
2026-03-14 10:07:48,50.23,19.24,1,81.32,232.0,1,1,1,1
2026-03-14 10:07:49,50.44,19.39,1,80.99,230.46,1,1,1,1
2026-03-14 10:07:50,50.47,18.86,1,82.06,229.75,1,1,1,1
2026-03-14 10:07:51,50.87,17.51,1,81.76,231.06,1,1,1,1
2026-03-14 10:07:52,50.94,19.69,1,81.57,232.04,1,1,1,1
2026-03-14 10:07:53,50.96,17.62,1,81.76,230.76,1,1,1,1
2026-03-14 10:07:54,50.74,18.57,1,81.68,229.15,1,1,1,1
2026-03-14 10:07:55,50.7,17.42,1,80.83,230.96,1,1,1,1
2026-03-14 10:07:56,50.23,16.75,1,80.8,230.16,1,1,1,1
2026-03-14 10:07:57,49.94,15.17,1,80.64,230.99,1,1,1,1
2026-03-14 10:07:58,49.81,17.54,1,81.18,229.3,1,1,1,1
2026-03-14 10:07:59,49.8,19.4,1,80.77,231.09,1,1,1,1
2026-03-14 10:08:00,49.59,16.56,1,80.27,230.69,1,1,1,1
2026-03-14 10:08:01,49.43,19.69,1,80.64,230.52,1,1,1,1
2026-03-14 10:08:02,49.57,18.84,1,80.67,230.74,1,1,1,1
2026-03-14 10:08:03,49.63,19.2,1,81.35,231.0,1,1,1,1
2026-03-14 10:08:04,49.94,17.56,1,80.31,230.39,1,1,1,1
2026-03-14 10:08:05,49.89,20.31,1,80.68,230.94,1,1,1,1
2026-03-14 10:08:06,49.71,19.23,1,81.02,230.19,1,1,1,1
2026-03-14 10:08:07,49.72,16.43,1,80.12,230.6,1,1,1,1
2026-03-14 10:08:08,49.7,17.56,1,80.77,230.5,1,1,1,1
2026-03-14 10:08:09,49.26,18.83,1,80.76,228.62,1,1,1,1
2026-03-14 10:08:10,49.76,18.63,1,80.61,229.43,1,1,1,1
2026-03-14 10:08:11,49.55,17.98,1,79.9,230.61,1,1,1,1
2026-03-14 10:08:12,49.51,16.05,1,79.06,230.21,1,1,1,1
2026-03-14 10:08:13,49.68,16.81,1,79.55,229.06,1,1,1,1
2026-03-14 10:08:14,49.61,17.47,1,80.13,230.16,1,1,1,1
2026-03-14 10:08:15,49.86,17.32,1,80.75,231.36,1,1,1,1
2026-03-14 10:08:16,50.22,16.88,1,80.4,229.67,1,1,1,1
2026-03-14 10:08:17,50.27,17.39,1,79.65,227.71,1,1,1,1
2026-03-14 10:08:18,50.65,16.59,1,79.94,231.3,1,1,1,1
2026-03-14 10:08:19,51.03,18.75,1,80.25,228.85,1,1,1,1
2026-03-14 10:08:20,50.86,20.85,1,80.38,229.44,1,1,1,1
2026-03-14 10:08:21,51.1,17.24,1,79.91,230.98,1,1,1,1
2026-03-14 10:08:22,51.11,18.32,1,79.75,229.74,1,1,1,1
2026-03-14 10:08:23,51.09,15.71,1,79.47,227.98,1,1,1,1
2026-03-14 10:08:24,51.13,15.98,1,78.91,231.02,1,1,1,1
2026-03-14 10:08:25,51.17,18.42,1,80.27,229.1,1,1,1,1
2026-03-14 10:08:26,51.11,18.14,1,79.52,229.8,1,1,1,1
2026-03-14 10:08:27,51.5,17.69,1,80.1,228.84,1,1,1,1
2026-03-14 10:08:28,52.04,17.07,1,78.72,230.27,1,1,1,1
2026-03-14 10:08:29,51.98,17.18,1,79.18,229.17,1,1,1,1
2026-03-14 10:08:30,52.0,20.83,1,78.87,229.51,1,1,1,1
2026-03-14 10:08:31,52.0,16.3,1,79.78,229.38,1,1,1,1
2026-03-14 10:08:32,51.82,17.66,1,79.5,228.75,1,1,1,1
2026-03-14 10:08:33,52.51,18.78,1,79.13,228.34,1,1,1,1
2026-03-14 10:08:34,53.18,20.53,1,79.95,230.63,1,1,1,1
2026-03-14 10:08:35,53.18,16.64,1,79.17,228.22,1,1,1,1
2026-03-14 10:08:36,53.37,17.64,1,79.51,228.75,1,1,1,1
2026-03-14 10:08:37,53.14,16.17,1,79.7,229.16,1,1,1,1
2026-03-14 10:08:38,53.52,17.37,1,78.51,229.33,1,1,1,1
2026-03-14 10:08:39,53.69,19.55,1,79.77,229.32,1,1,1,1
2026-03-14 10:08:40,53.57,17.11,1,80.5,228.32,1,1,1,1
2026-03-14 10:08:41,53.68,17.69,1,78.73,228.98,1,1,1,1
2026-03-14 10:08:42,53.72,18.05,1,79.45,227.99,1,1,1,1
2026-03-14 10:08:43,53.78,20.12,1,79.11,229.73,1,1,1,1
2026-03-14 10:08:44,53.81,17.24,1,78.1,227.96,1,1,1,1
2026-03-14 10:08:45,53.67,17.26,1,79.39,228.93,1,1,1,1
2026-03-14 10:08:46,53.75,18.0,1,78.9,227.63,1,1,1,1
2026-03-14 10:08:47,53.94,18.51,1,79.18,229.12,1,1,1,1
2026-03-14 10:08:48,54.02,18.31,1,78.42,228.31,1,1,1,1
2026-03-14 10:08:49,54.27,18.66,1,79.01,228.79,1,1,1,1
2026-03-14 10:08:50,54.28,19.82,1,78.93,229.11,1,1,1,1
2026-03-14 10:08:51,54.15,18.94,1,78.83,228.85,1,1,1,1
2026-03-14 10:08:52,53.83,15.37,1,77.95,228.87,1,1,1,1
2026-03-14 10:08:53,54.21,18.51,1,78.3,226.71,1,1,1,1
2026-03-14 10:08:54,54.23,19.53,1,78.78,228.24,1,1,1,1
2026-03-14 10:08:55,54.26,17.42,1,78.24,228.66,1,1,1,1
2026-03-14 10:08:56,54.35,17.36,1,78.9,229.27,1,1,1,1
2026-03-14 10:08:57,54.32,15.73,1,77.98,228.63,1,1,1,1
2026-03-14 10:08:58,54.25,16.58,1,78.46,229.26,1,1,1,1
2026-03-14 10:08:59,54.41,16.16,1,78.64,228.4,1,1,1,1
2026-03-14 10:09:00,54.24,17.37,1,78.6,229.35,1,1,1,1
2026-03-14 10:09:01,54.49,16.58,1,78.31,228.71,1,1,1,1
2026-03-14 10:09:02,54.66,16.6,1,78.28,227.53,1,1,1,1
2026-03-14 10:09:03,54.78,20.5,1,77.75,227.93,1,1,1,1
2026-03-14 10:09:04,54.79,17.44,1,77.69,228.76,1,1,1,1
2026-03-14 10:09:05,54.63,19.14,1,77.72,227.99,1,1,1,1
2026-03-14 10:09:06,54.63,18.97,1,77.8,229.41,1,1,1,1
2026-03-14 10:09:07,54.68,18.54,1,77.66,227.8,1,1,1,1
2026-03-14 10:09:08,54.93,19.42,1,77.97,228.35,1,1,1,1
2026-03-14 10:09:09,55.0,17.41,1,77.19,228.75,1,1,1,1
2026-03-14 10:09:10,55.04,19.19,1,77.34,227.9,1,1,1,1
2026-03-14 10:09:11,54.7,17.58,1,77.49,228.25,1,1,1,1
2026-03-14 10:09:12,54.83,19.03,1,78.11,227.55,1,1,1,1
2026-03-14 10:09:13,54.72,16.92,1,77.71,228.87,1,1,1,1
2026-03-14 10:09:14,54.54,18.06,1,78.33,227.39,1,1,1,1
2026-03-14 10:09:15,54.52,18.21,1,78.23,227.36,1,1,1,1
2026-03-14 10:09:16,54.7,17.96,1,78.46,226.49,1,1,1,1
2026-03-14 10:09:17,55.22,18.47,1,77.95,227.06,1,1,1,1
2026-03-14 10:09:18,55.28,19.59,1,77.42,228.18,1,1,1,1
2026-03-14 10:09:19,55.53,16.37,1,77.78,228.4,1,1,1,1
2026-03-14 10:09:20,55.81,18.68,1,78.3,226.4,1,1,1,1
2026-03-14 10:09:21,55.86,18.49,1,78.16,226.57,1,1,1,1
2026-03-14 10:09:22,55.99,17.98,1,77.84,226.64,1,1,1,1
2026-03-14 10:09:23,55.94,17.86,1,77.97,228.2,1,1,1,1
2026-03-14 10:09:24,55.96,17.79,1,77.33,228.23,1,1,1,1
2026-03-14 10:09:25,56.13,18.96,1,78.01,226.67,1,1,1,1
2026-03-14 10:09:26,56.17,18.75,1,77.8,227.57,1,1,1,1
2026-03-14 10:09:27,56.22,19.27,1,77.77,228.72,1,1,1,1
2026-03-14 10:09:28,56.07,17.5,1,77.48,227.93,1,1,1,1
2026-03-14 10:09:29,56.05,18.25,1,77.02,226.93,1,1,1,1
2026-03-14 10:09:30,56.42,18.86,1,76.91,226.05,1,1,1,1
2026-03-14 10:09:31,56.13,17.25,1,76.57,227.24,1,1,1,1
2026-03-14 10:09:32,56.23,16.68,1,76.92,227.15,1,1,1,1
2026-03-14 10:09:33,56.31,18.1,1,77.93,227.62,1,1,1,1
2026-03-14 10:09:34,56.32,17.83,1,76.16,227.44,1,1,1,1
2026-03-14 10:09:35,56.47,18.53,1,77.85,227.81,1,1,1,1
2026-03-14 10:09:36,56.31,17.83,1,77.08,227.82,1,1,1,1
2026-03-14 10:09:37,56.38,17.81,1,77.33,228.06,1,1,1,1
2026-03-14 10:09:38,56.55,17.7,1,75.96,226.38,1,1,1,1
2026-03-14 10:09:39,56.65,16.37,1,76.37,227.57,1,1,1,1
2026-03-14 10:09:40,56.71,18.8,1,76.96,228.31,1,1,1,1
2026-03-14 10:09:41,56.79,17.03,1,76.6,226.44,1,1,1,1
2026-03-14 10:09:42,57.18,18.78,1,76.94,225.69,1,1,1,1
2026-03-14 10:09:43,57.48,20.0,1,76.19,224.65,1,1,1,1
2026-03-14 10:09:44,57.55,19.18,1,76.59,227.14,1,1,1,1
2026-03-14 10:09:45,57.51,18.71,1,77.04,227.48,1,1,1,1
2026-03-14 10:09:46,57.35,16.48,1,77.06,225.97,1,1,1,1
2026-03-14 10:09:47,57.51,18.74,1,76.19,227.37,1,1,1,1
2026-03-14 10:09:48,57.75,20.39,1,77.04,225.26,1,1,1,1
2026-03-14 10:09:49,57.99,17.76,1,76.28,225.72,1,1,1,1
2026-03-14 10:09:50,58.12,18.95,1,76.53,225.31,1,1,1,1
2026-03-14 10:09:51,57.91,18.12,1,75.7,226.84,1,1,1,1
2026-03-14 10:09:52,57.8,20.97,1,76.61,226.08,1,1,1,1
2026-03-14 10:09:53,57.63,20.6,1,75.62,225.72,1,1,1,1
2026-03-14 10:09:54,57.86,14.65,1,75.67,226.5,1,1,1,1
2026-03-14 10:09:55,58.06,17.75,1,76.13,225.6,1,1,1,1
2026-03-14 10:09:56,57.89,17.5,1,76.94,224.33,1,1,1,1
2026-03-14 10:09:57,57.97,17.83,1,75.98,225.9,1,1,1,1
2026-03-14 10:09:58,57.87,16.07,1,76.37,224.98,1,1,1,1
2026-03-14 10:09:59,57.74,17.66,1,76.09,226.07,1,1,1,1
2026-03-14 10:10:00,57.79,17.69,1,75.86,225.72,1,1,1,1
2026-03-14 10:10:01,58.05,16.07,1,75.61,226.66,1,1,1,1
2026-03-14 10:10:02,57.89,18.48,1,75.41,225.96,1,1,1,1
2026-03-14 10:10:03,58.24,16.68,1,76.2,225.82,1,1,1,1
2026-03-14 10:10:04,58.19,19.05,1,76.91,225.89,1,1,1,1
2026-03-14 10:10:05,58.54,18.16,1,75.46,226.17,1,1,1,1
2026-03-14 10:10:06,58.82,17.64,1,75.77,225.56,1,1,1,1
2026-03-14 10:10:07,58.77,16.82,1,75.24,225.92,1,1,1,1
2026-03-14 10:10:08,59.0,16.59,1,76.17,226.89,1,1,1,1
2026-03-14 10:10:09,59.03,17.03,1,75.09,224.76,1,1,1,1
2026-03-14 10:10:10,59.33,15.45,1,74.96,223.94,1,1,1,1
2026-03-14 10:10:11,59.33,18.47,1,76.1,226.62,1,1,1,1
2026-03-14 10:10:12,59.25,20.22,1,76.03,226.29,1,1,1,1
2026-03-14 10:10:13,59.4,18.15,1,76.46,224.66,1,1,1,1
2026-03-14 10:10:14,59.6,17.4,0,75.47,226.61,1,1,1,1
2026-03-14 10:10:15,59.64,15.62,1,75.94,224.28,1,1,1,1
2026-03-14 10:10:16,59.8,15.26,1,75.85,225.3,1,1,1,1
2026-03-14 10:10:17,60.04,18.57,1,75.71,225.34,1,1,1,1
2026-03-14 10:10:18,60.02,16.79,1,74.4,224.91,1,1,1,1
2026-03-14 10:10:19,60.12,19.36,1,75.16,226.6,1,1,1,1
2026-03-14 10:10:20,60.11,16.75,1,74.59,223.53,1,1,1,1
2026-03-14 10:10:21,60.16,19.0,1,74.87,224.68,1,1,1,1
2026-03-14 10:10:22,60.06,19.66,1,74.92,224.28,1,1,1,1
2026-03-14 10:10:23,60.14,17.89,1,75.69,225.03,1,1,1,1
2026-03-14 10:10:24,59.93,17.82,1,74.61,224.74,1,1,1,1
2026-03-14 10:10:25,60.01,17.66,1,74.28,224.8,1,1,1,1
2026-03-14 10:10:26,60.17,19.92,1,74.68,225.24,1,1,1,1
2026-03-14 10:10:27,60.32,18.02,1,74.92,225.01,1,1,1,1
2026-03-14 10:10:28,61.05,15.86,1,74.71,225.65,1,1,1,1
2026-03-14 10:10:29,60.73,19.13,1,75.33,223.02,1,1,1,1
2026-03-14 10:10:30,60.73,16.77,1,75.0,224.54,1,1,1,1
2026-03-14 10:10:31,60.56,18.06,1,74.95,224.16,1,1,1,1
2026-03-14 10:10:32,60.8,18.45,1,75.34,224.35,1,1,1,1
2026-03-14 10:10:33,60.72,19.45,1,74.91,226.56,1,1,1,1
2026-03-14 10:10:34,60.91,15.97,1,75.36,224.69,1,1,1,1
2026-03-14 10:10:35,61.29,18.3,1,75.31,224.03,1,1,1,1
2026-03-14 10:10:36,61.35,18.01,1,74.45,223.58,1,1,1,1
2026-03-14 10:10:37,61.09,17.99,1,73.88,225.59,1,1,1,1
2026-03-14 10:10:38,60.97,18.65,1,74.81,224.7,1,1,1,1
2026-03-14 10:10:39,61.12,17.33,1,74.98,224.27,1,1,1,1
2026-03-14 10:10:40,60.98,17.62,1,74.46,224.13,1,1,1,1
2026-03-14 10:10:41,60.96,17.13,1,73.97,224.27,1,1,1,1
2026-03-14 10:10:42,61.16,19.42,1,75.28,223.59,1,1,1,1
2026-03-14 10:10:43,61.26,19.64,1,73.97,223.87,1,1,1,1
2026-03-14 10:10:44,61.04,17.81,1,73.66,223.67,1,1,1,1
2026-03-14 10:10:45,60.99,17.97,1,73.5,225.77,1,1,1,1
2026-03-14 10:10:46,60.84,17.56,1,74.48,223.12,1,1,1,1
2026-03-14 10:10:47,60.79,18.56,1,73.31,223.87,1,1,1,1
2026-03-14 10:10:48,60.96,16.75,1,73.48,223.26,1,1,1,1
2026-03-14 10:10:49,60.8,18.19,1,73.89,223.62,1,1,1,1
2026-03-14 10:10:50,60.95,19.28,1,73.78,223.31,1,1,1,1
2026-03-14 10:10:51,60.93,17.44,1,73.79,224.32,1,1,1,1
2026-03-14 10:10:52,61.03,16.91,1,74.1,223.77,1,1,1,1
2026-03-14 10:10:53,60.92,16.72,1,74.64,223.31,1,1,1,1
2026-03-14 10:10:54,60.9,15.39,1,73.45,223.86,1,1,1,1
2026-03-14 10:10:55,60.79,17.13,1,72.78,223.37,1,1,1,1
2026-03-14 10:10:56,60.96,17.47,1,74.22,223.36,1,1,1,1
2026-03-14 10:10:57,61.23,18.98,1,73.11,222.26,1,1,1,1
2026-03-14 10:10:58,61.41,16.6,1,73.61,223.51,1,1,1,1
2026-03-14 10:10:59,61.02,17.51,1,73.78,223.2,1,1,1,1
2026-03-14 10:11:00,61.16,17.63,1,73.26,222.85,1,1,1,1
2026-03-14 10:11:01,61.1,20.39,1,74.12,223.9,1,1,1,1
2026-03-14 10:11:02,61.32,14.77,1,73.63,223.61,1,1,1,1
2026-03-14 10:11:03,61.46,18.39,1,73.94,224.62,1,1,1,1
2026-03-14 10:11:04,61.36,18.91,1,72.63,222.25,1,1,1,1
2026-03-14 10:11:05,61.57,18.03,1,73.47,224.16,1,1,1,1
2026-03-14 10:11:06,61.49,18.21,1,73.61,223.18,1,1,1,1
2026-03-14 10:11:07,61.47,17.81,1,73.22,223.58,1,1,1,1
2026-03-14 10:11:08,61.83,18.51,1,72.94,222.78,1,1,1,1
2026-03-14 10:11:09,62.01,16.52,1,74.37,222.7,1,1,1,1
2026-03-14 10:11:10,62.13,18.77,1,73.07,222.65,1,1,1,1
2026-03-14 10:11:11,62.33,16.16,1,73.3,222.8,1,1,1,1
2026-03-14 10:11:12,62.45,18.11,1,73.73,223.14,1,1,1,1
2026-03-14 10:11:13,62.39,18.98,1,73.28,223.01,1,1,1,1
2026-03-14 10:11:14,62.45,16.29,1,72.82,223.96,1,1,1,1
2026-03-14 10:11:15,62.38,18.76,1,73.02,223.2,1,1,1,1
2026-03-14 10:11:16,62.51,18.35,1,73.55,222.47,1,1,1,1
2026-03-14 10:11:17,62.76,19.09,1,72.95,222.62,1,1,1,1
2026-03-14 10:11:18,63.0,19.9,1,73.77,222.55,1,1,1,1
2026-03-14 10:11:19,63.3,16.55,1,73.01,221.82,1,1,1,1
2026-03-14 10:11:20,63.19,18.08,1,71.85,221.57,1,1,1,1
2026-03-14 10:11:21,63.29,17.48,1,73.18,222.17,1,1,1,1
2026-03-14 10:11:22,63.47,18.75,1,72.71,222.33,1,1,1,1
2026-03-14 10:11:23,63.23,16.72,1,73.13,221.52,1,1,1,1
2026-03-14 10:11:24,63.5,18.46,1,73.0,222.37,1,1,1,1
2026-03-14 10:11:25,63.32,15.97,1,72.88,222.84,1,1,1,1
2026-03-14 10:11:26,63.05,18.61,1,72.17,224.77,1,1,1,1
2026-03-14 10:11:27,62.83,17.02,1,72.33,222.27,1,1,1,1
2026-03-14 10:11:28,62.96,19.86,1,71.52,222.74,1,1,1,1
2026-03-14 10:11:29,62.99,15.83,1,72.37,223.11,1,1,1,1
2026-03-14 10:11:30,63.05,18.29,1,71.41,223.51,1,1,1,1
2026-03-14 10:11:31,63.13,16.36,1,73.27,222.73,1,1,1,1
2026-03-14 10:11:32,63.19,18.17,1,72.8,222.66,1,1,1,1
2026-03-14 10:11:33,63.16,18.34,1,72.27,222.18,1,1,1,1
2026-03-14 10:11:34,63.55,18.92,1,72.36,222.08,1,1,1,1
2026-03-14 10:11:35,63.66,18.89,1,72.04,223.27,1,1,1,1
2026-03-14 10:11:36,63.72,17.34,1,72.39,222.8,1,1,1,1
2026-03-14 10:11:37,63.75,17.92,1,70.98,223.08,1,1,1,1
2026-03-14 10:11:38,63.89,17.62,1,71.78,220.52,1,1,1,1
2026-03-14 10:11:39,64.19,19.54,1,71.15,220.89,1,1,1,1
2026-03-14 10:11:40,64.42,18.88,1,72.7,221.65,1,1,1,1
2026-03-14 10:11:41,63.87,18.84,1,71.89,221.69,1,1,1,1
2026-03-14 10:11:42,63.32,18.85,1,70.9,221.11,1,0,1,1
2026-03-14 10:11:43,63.15,18.79,1,72.83,222.2,1,1,1,1
2026-03-14 10:11:44,63.53,17.53,1,71.36,221.44,1,1,1,1
2026-03-14 10:11:45,63.56,19.9,1,72.18,221.35,1,1,1,1
2026-03-14 10:11:46,63.74,20.27,1,71.65,221.68,1,1,1,1
2026-03-14 10:11:47,63.67,19.1,1,71.51,222.59,1,1,1,1
2026-03-14 10:11:48,63.46,16.99,1,71.8,222.29,1,1,1,1
2026-03-14 10:11:49,63.55,19.15,1,72.68,221.86,1,1,1,1
2026-03-14 10:11:50,63.56,19.37,1,72.32,221.4,1,1,1,1
2026-03-14 10:11:51,63.63,18.15,1,70.46,220.98,1,1,1,1
2026-03-14 10:11:52,63.58,17.81,1,71.46,221.58,1,1,1,1
2026-03-14 10:11:53,63.56,18.13,1,71.14,220.91,1,1,1,1
2026-03-14 10:11:54,63.79,15.62,1,70.98,222.59,1,1,1,1
2026-03-14 10:11:55,63.93,17.23,1,70.95,221.96,1,1,1,1
2026-03-14 10:11:56,64.16,19.6,1,71.27,222.45,1,1,1,1
2026-03-14 10:11:57,64.35,18.41,1,71.83,220.76,1,1,1,1
2026-03-14 10:11:58,64.5,18.34,1,70.86,221.68,1,1,1,1
2026-03-14 10:11:59,64.34,17.58,1,71.37,221.09,1,1,1,1
2026-03-14 10:12:00,64.16,18.14,1,71.02,221.65,1,1,1,1
2026-03-14 10:12:01,64.18,18.0,1,71.32,221.97,1,1,1,1
2026-03-14 10:12:02,64.24,17.94,1,71.93,222.02,1,1,1,1
2026-03-14 10:12:03,64.17,18.14,1,71.2,221.47,1,1,1,1
2026-03-14 10:12:04,64.4,17.47,1,70.72,221.08,1,1,1,1
2026-03-14 10:12:05,64.52,16.9,1,71.43,220.39,1,1,1,1
2026-03-14 10:12:06,64.44,18.01,1,70.65,222.15,1,1,1,1
2026-03-14 10:12:07,64.33,19.48,1,70.98,220.81,1,1,1,1
2026-03-14 10:12:08,64.27,18.68,1,70.64,221.14,1,1,1,1
2026-03-14 10:12:09,64.15,18.08,1,71.11,221.06,1,1,1,1
2026-03-14 10:12:10,64.56,18.02,1,71.26,221.75,1,1,1,1
2026-03-14 10:12:11,64.65,17.76,1,70.87,221.42,1,1,1,1
2026-03-14 10:12:12,64.8,18.66,1,70.91,220.35,1,1,1,1
2026-03-14 10:12:13,64.41,19.16,1,71.01,220.84,1,1,1,1
2026-03-14 10:12:14,64.65,18.09,1,70.26,221.18,1,1,1,1
2026-03-14 10:12:15,64.8,17.99,1,71.93,219.81,1,1,1,1
2026-03-14 10:12:16,64.85,17.93,1,70.98,221.23,1,1,1,1
2026-03-14 10:12:17,64.8,17.06,1,70.58,220.53,1,1,1,1
2026-03-14 10:12:18,64.67,18.14,1,71.26,219.34,1,1,1,1
2026-03-14 10:12:19,64.35,16.82,1,70.75,220.43,1,1,1,1
2026-03-14 10:12:20,63.92,17.85,1,70.17,220.87,1,1,1,1
2026-03-14 10:12:21,63.96,16.79,1,70.38,219.18,1,1,1,1
2026-03-14 10:12:22,64.04,16.16,1,70.03,220.25,1,1,1,1
2026-03-14 10:12:23,64.14,19.53,1,70.41,220.65,1,1,1,1
2026-03-14 10:12:24,64.22,18.18,1,69.36,221.09,1,1,1,1
2026-03-14 10:12:25,64.13,18.73,1,70.4,220.77,1,1,1,1
2026-03-14 10:12:26,64.23,18.0,1,70.7,220.56,1,1,1,1
2026-03-14 10:12:27,63.76,18.75,1,70.39,220.51,1,1,1,1
2026-03-14 10:12:28,63.7,18.81,1,70.21,221.04,1,1,1,1
2026-03-14 10:12:29,63.3,16.86,1,70.21,220.44,1,1,1,1
2026-03-14 10:12:30,63.42,19.16,0,70.77,220.4,1,1,1,1
2026-03-14 10:12:31,63.32,18.65,1,70.2,218.14,1,1,1,1
2026-03-14 10:12:32,63.45,18.79,1,69.92,220.75,1,1,1,1
2026-03-14 10:12:33,63.82,16.85,1,69.58,219.55,1,1,1,1
2026-03-14 10:12:34,63.79,17.84,1,69.73,219.34,1,1,1,1
2026-03-14 10:12:35,64.22,16.24,1,70.34,219.67,1,1,1,1
2026-03-14 10:12:36,64.03,18.96,1,69.42,220.1,1,1,1,1
2026-03-14 10:12:37,64.38,16.86,1,69.3,219.29,1,1,1,1
2026-03-14 10:12:38,64.63,18.57,1,70.24,218.07,1,1,1,1
2026-03-14 10:12:39,64.48,17.24,1,69.28,217.95,1,1,1,1
2026-03-14 10:12:40,64.91,17.65,1,70.32,220.46,1,1,1,1
2026-03-14 10:12:41,65.02,19.79,1,69.6,218.44,1,1,1,1
2026-03-14 10:12:42,65.14,19.53,1,68.83,219.49,1,1,1,1
2026-03-14 10:12:43,65.19,19.51,1,69.14,218.17,1,1,1,1
2026-03-14 10:12:44,65.43,17.45,1,70.03,221.19,1,1,1,1
2026-03-14 10:12:45,65.61,17.21,1,69.14,219.12,1,1,1,1
2026-03-14 10:12:46,65.56,15.77,1,69.79,218.97,1,1,1,1
2026-03-14 10:12:47,65.44,18.94,1,69.84,219.49,1,1,1,1
2026-03-14 10:12:48,65.85,19.25,1,69.7,219.31,1,1,1,1
2026-03-14 10:12:49,65.7,16.87,1,69.32,217.91,1,1,1,1
2026-03-14 10:12:50,65.75,18.26,1,69.52,219.61,1,1,1,1
2026-03-14 10:12:51,66.03,14.97,1,68.98,219.93,1,1,1,1
2026-03-14 10:12:52,66.19,16.96,1,69.5,219.88,1,1,1,1
2026-03-14 10:12:53,66.54,17.52,1,69.3,219.44,1,1,1,1
2026-03-14 10:12:54,66.66,18.36,1,68.32,219.11,1,1,1,1
2026-03-14 10:12:55,66.85,16.74,1,69.41,219.92,1,1,1,1
2026-03-14 10:12:56,66.92,17.48,1,69.94,218.94,1,1,1,1
2026-03-14 10:12:57,67.16,18.32,1,69.17,218.74,1,1,1,1
2026-03-14 10:12:58,67.19,19.89,1,69.08,217.36,1,1,1,1
2026-03-14 10:12:59,67.24,18.5,1,68.89,219.77,1,1,1,1
2026-03-14 10:13:00,67.33,18.62,1,68.34,217.56,1,1,1,1
2026-03-14 10:13:01,67.4,16.85,1,69.0,218.18,1,1,1,1
2026-03-14 10:13:02,67.61,18.28,1,69.15,219.41,1,1,1,1
2026-03-14 10:13:03,67.79,19.75,1,68.49,218.71,1,1,1,1
2026-03-14 10:13:04,67.45,17.08,1,69.21,217.11,1,1,1,1
2026-03-14 10:13:05,67.55,19.34,1,69.03,219.05,1,1,1,1
2026-03-14 10:13:06,67.75,19.79,1,68.34,219.56,1,1,0,1
2026-03-14 10:13:07,67.69,17.14,1,68.95,217.83,1,1,1,1
2026-03-14 10:13:08,67.58,15.93,1,67.21,219.18,1,1,1,1
2026-03-14 10:13:09,67.56,17.17,1,69.66,219.23,1,1,1,1
2026-03-14 10:13:10,67.62,17.51,1,68.07,218.36,1,1,1,1
2026-03-14 10:13:11,67.51,19.3,1,67.81,217.05,1,1,1,1
2026-03-14 10:13:12,67.67,17.85,1,68.66,218.13,1,1,1,1
2026-03-14 10:13:13,67.83,17.86,1,68.13,217.96,1,1,1,1
2026-03-14 10:13:14,67.99,19.71,1,68.46,218.08,1,1,1,1
2026-03-14 10:13:15,68.03,18.15,1,68.1,218.63,1,1,1,1
2026-03-14 10:13:16,67.99,19.46,1,69.18,217.49,1,1,1,1
2026-03-14 10:13:17,68.07,17.1,1,67.9,219.03,1,1,1,1
2026-03-14 10:13:18,68.41,18.74,1,68.18,218.17,1,1,1,1
2026-03-14 10:13:19,68.31,18.69,1,68.0,218.69,1,1,1,1
2026-03-14 10:13:20,68.54,15.98,1,67.24,217.84,1,1,1,1
2026-03-14 10:13:21,68.5,17.83,1,66.4,218.24,1,1,1,1
2026-03-14 10:13:22,68.58,18.36,1,68.37,217.79,1,1,1,1
2026-03-14 10:13:23,68.65,18.01,1,68.33,217.45,1,1,1,1
2026-03-14 10:13:24,68.91,14.96,1,67.88,218.2,1,1,1,1
2026-03-14 10:13:25,69.3,17.23,1,68.0,217.82,1,1,1,1
2026-03-14 10:13:26,69.1,17.32,1,68.27,218.37,1,1,1,1
2026-03-14 10:13:27,69.24,16.8,1,67.77,216.86,1,1,1,1
2026-03-14 10:13:28,69.6,17.74,1,67.85,217.22,1,1,1,1
2026-03-14 10:13:29,69.61,18.9,1,67.34,216.66,1,1,1,1
2026-03-14 10:13:30,70.16,18.34,1,68.27,217.3,1,1,1,1
2026-03-14 10:13:31,70.4,18.88,1,67.74,217.45,1,1,1,1
2026-03-14 10:13:32,70.65,18.86,1,68.09,216.32,1,1,1,1
2026-03-14 10:13:33,70.79,18.77,1,67.9,216.92,1,1,1,1
2026-03-14 10:13:34,70.87,19.7,1,67.89,216.91,1,1,1,1
2026-03-14 10:13:35,70.83,18.21,1,67.3,217.35,1,1,1,1
2026-03-14 10:13:36,70.99,18.19,1,66.91,217.89,1,1,1,1
2026-03-14 10:13:37,70.72,18.4,1,67.56,217.59,1,1,1,1
2026-03-14 10:13:38,70.78,17.51,1,66.95,217.61,1,1,1,1
2026-03-14 10:13:39,70.9,19.65,1,67.22,217.58,1,1,1,1
2026-03-14 10:13:40,70.79,18.88,1,67.31,216.51,1,1,1,1
2026-03-14 10:13:41,70.95,17.21,1,66.47,216.32,1,1,1,1
2026-03-14 10:13:42,71.01,19.68,1,67.4,217.97,1,1,1,1
2026-03-14 10:13:43,70.85,19.26,1,66.06,216.95,1,1,1,1
2026-03-14 10:13:44,70.65,17.77,1,66.74,217.4,1,1,1,1
2026-03-14 10:13:45,70.39,17.17,1,66.37,216.81,1,1,1,1
2026-03-14 10:13:46,70.18,16.13,1,67.11,217.57,1,1,1,1
2026-03-14 10:13:47,70.01,18.29,1,66.49,217.51,1,1,1,1
2026-03-14 10:13:48,69.9,17.79,1,66.01,217.27,1,1,1,1
2026-03-14 10:13:49,69.9,18.54,1,66.67,218.51,1,1,1,1
2026-03-14 10:13:50,70.23,18.48,1,65.97,216.76,1,1,1,1
2026-03-14 10:13:51,69.95,16.2,1,66.25,215.97,1,1,1,1
2026-03-14 10:13:52,70.0,19.02,1,67.77,216.99,1,1,1,1
2026-03-14 10:13:53,69.81,20.66,1,66.92,216.49,1,1,1,1
2026-03-14 10:13:54,69.82,18.12,1,65.6,215.76,1,1,1,1
2026-03-14 10:13:55,69.73,17.26,1,64.69,217.18,1,1,1,1
2026-03-14 10:13:56,69.73,18.17,1,65.79,216.31,1,1,1,1
2026-03-14 10:13:57,69.74,20.0,1,65.23,214.62,1,1,1,1
2026-03-14 10:13:58,69.85,19.42,1,66.35,215.81,1,1,1,1
2026-03-14 10:13:59,70.0,16.35,1,67.72,215.82,1,1,1,1
2026-03-14 10:14:00,70.06,17.89,1,66.13,215.93,1,1,1,1
2026-03-14 10:14:01,69.97,19.77,1,66.16,216.35,1,1,1,1
2026-03-14 10:14:02,69.77,17.45,1,66.56,217.49,1,1,1,1
2026-03-14 10:14:03,69.79,17.43,1,65.96,216.56,1,1,1,1
2026-03-14 10:14:04,69.7,16.03,1,66.19,216.58,1,1,1,1
2026-03-14 10:14:05,69.78,17.72,1,66.9,215.54,1,1,1,1
2026-03-14 10:14:06,69.51,16.31,1,66.74,217.22,1,1,1,1
2026-03-14 10:14:07,69.66,18.43,1,65.72,216.54,1,1,1,1
2026-03-14 10:14:08,69.79,16.87,1,65.55,215.0,1,1,1,1
2026-03-14 10:14:09,69.81,18.61,1,66.27,216.55,1,1,1,1
2026-03-14 10:14:10,69.64,17.4,1,65.74,215.56,1,1,1,1
2026-03-14 10:14:11,69.64,15.84,1,65.99,215.15,1,1,1,1
2026-03-14 10:14:12,69.62,19.37,1,64.76,215.18,1,1,1,1
2026-03-14 10:14:13,69.73,17.78,1,65.64,216.17,1,1,1,1
2026-03-14 10:14:14,69.96,18.81,1,65.83,213.72,1,1,1,1
2026-03-14 10:14:15,69.95,17.19,1,66.01,215.3,1,1,1,1
2026-03-14 10:14:16,69.87,18.5,1,66.16,215.34,1,1,1,1
2026-03-14 10:14:17,69.74,17.07,1,65.01,217.31,1,1,1,1
2026-03-14 10:14:18,69.57,19.71,1,65.41,217.84,1,1,1,1
2026-03-14 10:14:19,69.57,18.51,1,64.51,216.84,1,1,1,1
2026-03-14 10:14:20,69.57,18.59,1,65.22,216.41,1,1,1,1
2026-03-14 10:14:21,69.63,18.94,1,65.33,215.81,1,1,1,1
2026-03-14 10:14:22,69.75,19.05,1,65.52,216.29,1,1,1,1
2026-03-14 10:14:23,69.57,16.51,1,65.25,214.77,1,1,1,1
2026-03-14 10:14:24,69.69,18.7,1,65.95,216.41,1,1,1,1
2026-03-14 10:14:25,69.8,18.94,1,64.8,215.32,1,1,1,1
2026-03-14 10:14:26,69.91,16.7,1,65.32,214.16,1,1,1,1
2026-03-14 10:14:27,69.88,16.99,1,65.19,215.49,1,1,1,1
2026-03-14 10:14:28,69.92,14.46,1,65.77,216.43,1,1,1,1
2026-03-14 10:14:29,69.88,19.14,1,65.5,215.72,1,1,1,1
2026-03-14 10:14:30,69.66,17.39,1,65.64,214.91,1,1,1,1
2026-03-14 10:14:31,69.36,17.49,1,65.06,213.89,1,1,1,1
2026-03-14 10:14:32,69.36,17.92,1,64.05,214.18,1,1,1,1
2026-03-14 10:14:33,69.23,18.71,1,64.52,215.17,1,1,1,1
2026-03-14 10:14:34,69.35,18.34,1,64.62,216.61,1,1,1,1
2026-03-14 10:14:35,69.35,16.34,1,64.91,215.36,1,1,1,1
2026-03-14 10:14:36,69.31,17.07,1,64.88,215.2,1,1,1,1
2026-03-14 10:14:37,69.24,18.59,1,65.64,213.57,1,1,1,1
2026-03-14 10:14:38,69.27,18.29,1,64.77,214.7,1,1,1,1
2026-03-14 10:14:39,69.24,17.38,1,64.53,214.75,1,1,1,1
2026-03-14 10:14:40,69.37,17.91,1,64.65,214.46,1,1,1,1
2026-03-14 10:14:41,69.47,19.71,1,64.66,215.32,1,1,1,1
2026-03-14 10:14:42,69.4,18.11,1,64.76,215.2,1,1,1,1
2026-03-14 10:14:43,69.59,18.29,1,64.14,214.52,1,1,1,1
2026-03-14 10:14:44,69.55,17.59,1,64.77,214.48,1,1,1,1
2026-03-14 10:14:45,69.61,16.62,1,64.35,215.35,1,1,1,1
2026-03-14 10:14:46,69.49,17.93,1,64.61,213.95,1,1,1,1
2026-03-14 10:14:47,69.54,17.38,1,64.35,214.05,1,1,1,1
2026-03-14 10:14:48,69.46,18.43,1,64.69,213.74,1,1,1,1
2026-03-14 10:14:49,69.85,20.56,1,64.59,214.41,1,1,1,1
2026-03-14 10:14:50,69.78,16.02,1,63.39,215.81,1,1,1,1
2026-03-14 10:14:51,69.55,16.94,1,64.66,214.47,1,1,1,1
2026-03-14 10:14:52,69.49,18.05,1,63.81,213.98,1,1,1,1
2026-03-14 10:14:53,69.63,17.83,1,63.59,214.47,1,1,1,1
2026-03-14 10:14:54,69.4,19.17,1,64.56,212.71,1,1,1,1
2026-03-14 10:14:55,69.45,18.07,1,63.87,213.74,1,1,1,1
2026-03-14 10:14:56,69.41,18.24,1,65.15,214.44,1,1,1,1
2026-03-14 10:14:57,69.53,16.49,1,63.75,213.88,1,1,1,1
2026-03-14 10:14:58,69.33,19.07,1,64.53,215.47,1,1,1,1
2026-03-14 10:14:59,69.25,19.05,1,64.72,215.45,1,1,1,1
2026-03-14 10:15:00,69.36,19.14,1,64.69,215.16,1,1,1,1
2026-03-14 10:15:01,69.32,20.64,1,64.36,212.95,1,1,1,1
2026-03-14 10:15:02,69.0,18.03,1,63.81,213.62,1,1,1,1
2026-03-14 10:15:03,68.97,17.84,1,63.64,214.69,1,1,1,1
2026-03-14 10:15:04,68.9,17.39,1,64.05,215.4,1,1,1,1
2026-03-14 10:15:05,69.04,18.49,1,63.31,214.2,1,1,1,1
2026-03-14 10:15:06,68.89,19.77,1,63.92,214.26,1,1,1,1
2026-03-14 10:15:07,68.74,18.02,1,64.38,212.89,1,1,1,1
2026-03-14 10:15:08,68.71,18.39,1,63.06,214.69,1,1,1,1
2026-03-14 10:15:09,68.92,16.0,1,63.72,213.48,1,1,1,1
2026-03-14 10:15:10,69.19,18.88,1,63.42,213.71,1,1,1,1
2026-03-14 10:15:11,69.3,18.55,1,63.84,214.53,1,1,1,1
2026-03-14 10:15:12,69.64,19.54,1,63.38,212.89,1,1,1,1
2026-03-14 10:15:13,69.45,16.99,1,63.31,213.53,1,1,1,1
2026-03-14 10:15:14,69.94,16.25,1,62.67,214.05,1,1,1,1
2026-03-14 10:15:15,70.09,17.96,1,63.52,212.99,1,1,1,1
2026-03-14 10:15:16,70.17,18.47,1,64.35,214.0,1,1,1,1
2026-03-14 10:15:17,70.53,16.62,1,63.56,214.21,1,1,1,1
2026-03-14 10:15:18,70.66,18.16,1,63.21,213.15,1,1,1,1
2026-03-14 10:15:19,70.5,16.64,1,63.38,211.22,1,1,1,1
2026-03-14 10:15:20,70.56,16.75,1,61.98,213.76,1,1,1,1
2026-03-14 10:15:21,70.6,19.35,1,63.67,213.24,1,1,1,1
2026-03-14 10:15:22,70.54,17.09,1,63.65,213.02,1,1,1,1
2026-03-14 10:15:23,70.51,19.81,1,63.25,214.47,1,1,1,1
2026-03-14 10:15:24,70.35,17.43,1,63.62,211.94,1,1,1,1
2026-03-14 10:15:25,70.52,18.61,1,62.81,212.84,1,1,1,1
2026-03-14 10:15:26,70.43,17.51,1,63.26,212.79,1,1,1,1
2026-03-14 10:15:27,70.83,18.25,1,62.0,213.42,1,1,1,1
2026-03-14 10:15:28,70.39,19.22,0,63.01,213.87,1,1,1,1
2026-03-14 10:15:29,70.42,14.81,1,63.73,213.3,1,1,1,1
2026-03-14 10:15:30,70.48,17.96,1,62.48,214.26,1,1,1,1
2026-03-14 10:15:31,70.66,15.88,1,63.22,212.06,1,1,1,1
2026-03-14 10:15:32,70.56,16.71,1,63.47,212.77,1,1,1,1
2026-03-14 10:15:33,70.43,17.6,1,63.04,213.55,1,1,1,1
2026-03-14 10:15:34,70.73,16.34,1,62.96,212.78,1,1,1,1
2026-03-14 10:15:35,70.6,18.4,1,62.4,213.09,1,1,1,1
2026-03-14 10:15:36,70.48,19.34,1,62.28,212.39,1,1,1,1
2026-03-14 10:15:37,70.83,15.46,1,62.1,212.61,1,1,1,1
2026-03-14 10:15:38,70.63,18.49,1,63.59,212.88,1,1,1,1
2026-03-14 10:15:39,70.7,15.75,1,62.54,213.28,1,1,1,1
2026-03-14 10:15:40,70.95,19.06,1,62.49,212.39,1,1,1,1
2026-03-14 10:15:41,71.35,15.09,1,62.15,211.19,1,1,1,1
2026-03-14 10:15:42,71.52,18.3,1,62.61,211.87,1,1,1,1
2026-03-14 10:15:43,71.58,18.32,1,62.6,214.81,1,1,1,1
2026-03-14 10:15:44,71.33,16.18,1,60.79,212.66,1,1,1,1
2026-03-14 10:15:45,71.41,18.99,1,62.4,211.42,1,1,1,1
2026-03-14 10:15:46,71.57,19.22,1,61.82,212.74,1,1,1,1
2026-03-14 10:15:47,71.7,19.4,1,61.91,213.91,1,1,1,1
2026-03-14 10:15:48,71.77,18.67,1,62.15,211.52,1,1,1,1
2026-03-14 10:15:49,71.46,19.17,1,62.45,212.03,1,1,1,1
2026-03-14 10:15:50,71.73,17.8,1,62.39,212.6,1,1,1,1
2026-03-14 10:15:51,71.78,19.57,1,61.63,212.26,1,1,1,1
2026-03-14 10:15:52,71.8,18.26,1,61.43,211.8,1,1,1,1
2026-03-14 10:15:53,71.91,17.27,1,62.55,212.97,1,1,1,1
2026-03-14 10:15:54,72.03,17.76,1,62.02,211.77,1,1,1,1
2026-03-14 10:15:55,72.14,17.1,1,61.69,211.12,1,1,1,1
2026-03-14 10:15:56,72.47,17.5,1,61.72,210.51,1,1,1,1
2026-03-14 10:15:57,72.16,18.36,1,61.87,211.85,1,1,1,1
2026-03-14 10:15:58,72.33,18.27,1,61.7,210.48,1,1,1,1
2026-03-14 10:15:59,72.58,18.7,1,62.08,212.21,1,1,1,1
2026-03-14 10:16:00,72.9,17.99,1,61.75,211.31,1,1,1,1
2026-03-14 10:16:01,73.13,18.34,1,62.2,210.08,1,1,1,1
2026-03-14 10:16:02,73.21,18.9,1,60.99,211.02,1,1,1,1
2026-03-14 10:16:03,73.23,18.12,1,61.69,211.15,1,1,1,1
2026-03-14 10:16:04,72.98,18.24,1,61.22,210.27,1,1,1,1
2026-03-14 10:16:05,72.9,17.65,1,61.89,211.8,1,1,1,1
2026-03-14 10:16:06,72.7,17.7,1,62.24,213.07,1,1,1,1
2026-03-14 10:16:07,72.92,16.25,1,60.76,210.04,1,1,1,1
2026-03-14 10:16:08,73.07,17.75,1,61.22,210.95,1,1,1,1
2026-03-14 10:16:09,73.28,18.06,1,61.14,210.24,1,1,1,1
2026-03-14 10:16:10,73.05,18.27,1,61.8,210.77,1,1,1,1
2026-03-14 10:16:11,72.97,17.46,1,60.79,211.27,1,1,1,1
2026-03-14 10:16:12,73.15,16.62,1,61.11,209.99,1,1,1,1
2026-03-14 10:16:13,73.26,18.73,1,60.58,211.55,1,1,1,1
2026-03-14 10:16:14,73.09,17.64,1,61.75,211.13,1,1,1,1
2026-03-14 10:16:15,72.92,17.59,1,60.91,210.8,1,1,1,1
2026-03-14 10:16:16,72.96,20.45,1,61.16,210.94,1,1,1,1
2026-03-14 10:16:17,72.62,18.53,1,60.26,210.6,1,1,1,1
2026-03-14 10:16:18,72.68,18.4,1,61.08,212.19,1,1,1,1
2026-03-14 10:16:19,72.64,20.43,1,60.67,213.04,1,1,1,1
2026-03-14 10:16:20,72.94,17.37,1,60.98,210.58,1,1,1,1
2026-03-14 10:16:21,72.93,17.36,1,60.44,212.14,1,1,1,1
2026-03-14 10:16:22,73.12,19.59,1,60.46,211.39,1,1,1,1
2026-03-14 10:16:23,73.06,18.78,1,61.55,210.87,1,1,1,1
2026-03-14 10:16:24,73.41,17.68,1,60.84,211.2,1,1,1,1
2026-03-14 10:16:25,73.17,18.86,1,61.21,209.81,1,1,1,1
2026-03-14 10:16:26,73.26,18.78,1,60.44,210.07,1,1,1,1
2026-03-14 10:16:27,73.17,19.34,1,60.05,210.72,1,1,1,1
2026-03-14 10:16:28,73.3,19.18,1,60.58,210.3,1,1,1,1
2026-03-14 10:16:29,73.27,17.74,1,60.83,210.51,1,1,1,1
2026-03-14 10:16:30,73.26,18.95,1,60.04,211.38,1,1,1,1
2026-03-14 10:16:31,73.19,16.85,1,60.0,209.88,1,1,1,1
2026-03-14 10:16:32,73.15,19.96,1,60.43,210.91,1,1,1,1
2026-03-14 10:16:33,73.26,19.7,1,60.1,208.87,1,1,1,1
2026-03-14 10:16:34,73.75,18.0,1,60.52,209.76,1,1,1,1
2026-03-14 10:16:35,73.72,18.61,1,59.35,211.28,1,1,1,1
2026-03-14 10:16:36,73.8,16.4,1,60.98,211.13,1,1,1,1
2026-03-14 10:16:37,73.94,18.64,1,60.53,211.49,1,1,1,1
2026-03-14 10:16:38,74.15,16.82,1,59.32,210.34,1,1,1,1
2026-03-14 10:16:39,74.4,17.03,1,59.32,209.11,1,1,1,1
